{
  "cluster_0": [
    "static/clusters/cluster_0/DSC01356.jpg",
    "static/clusters/cluster_0/DSC01357.jpg",
    "static/clusters/cluster_0/DSC01359.jpg",
    "static/clusters/cluster_0/DSC01361.jpg",
    "static/clusters/cluster_0/DSC01363.jpg",
    "static/clusters/cluster_0/DSC01364.jpg",
    "static/clusters/cluster_0/DSC01365.jpg",
    "static/clusters/cluster_0/DSC01405.jpg",
    "static/clusters/cluster_0/DSC01406.jpg",
    "static/clusters/cluster_0/DSC01407.jpg",
    "static/clusters/cluster_0/DSC01408.jpg",
    "static/clusters/cluster_0/DSC01409.jpg",
    "static/clusters/cluster_0/DSC01410.jpg",
    "static/clusters/cluster_0/DSC01411.jpg",
    "static/clusters/cluster_0/DSC01412.jpg",
    "static/clusters/cluster_0/DSC01413.jpg",
    "static/clusters/cluster_0/DSC01416.jpg",
    "static/clusters/cluster_0/DSC01417.jpg",
    "static/clusters/cluster_0/DSC01418.jpg",
    "static/clusters/cluster_0/DSC01419.jpg",
    "static/clusters/cluster_0/DSC01420.jpg",
    "static/clusters/cluster_0/DSC01421.jpg",
    "static/clusters/cluster_0/DSC01422.jpg",
    "static/clusters/cluster_0/DSC01423.jpg",
    "static/clusters/cluster_0/DSC01424.jpg",
    "static/clusters/cluster_0/DSC01425.jpg",
    "static/clusters/cluster_0/DSC01426.jpg",
    "static/clusters/cluster_0/DSC01427.jpg",
    "static/clusters/cluster_0/DSC01428.jpg",
    "static/clusters/cluster_0/DSC01429.jpg",
    "static/clusters/cluster_0/DSC01430.jpg",
    "static/clusters/cluster_0/DSC01431.jpg",
    "static/clusters/cluster_0/DSC01432.jpg",
    "static/clusters/cluster_0/DSC01433.jpg",
    "static/clusters/cluster_0/DSC01449.jpg",
    "static/clusters/cluster_0/DSC01450.jpg",
    "static/clusters/cluster_0/DSC01451.jpg",
    "static/clusters/cluster_0/DSC01452.jpg",
    "static/clusters/cluster_0/DSC01464.jpg",
    "static/clusters/cluster_0/DSC01465.jpg",
    "static/clusters/cluster_0/DSC01466.jpg",
    "static/clusters/cluster_0/DSC01467.jpg",
    "static/clusters/cluster_0/DSC01468.jpg",
    "static/clusters/cluster_0/DSC01469.jpg",
    "static/clusters/cluster_0/DSC01472.jpg",
    "static/clusters/cluster_0/DSC01473.jpg",
    "static/clusters/cluster_0/DSC01474.jpg",
    "static/clusters/cluster_0/DSC01475.jpg",
    "static/clusters/cluster_0/DSC01476.jpg",
    "static/clusters/cluster_0/DSC01477.jpg",
    "static/clusters/cluster_0/DSC01478.jpg",
    "static/clusters/cluster_0/DSC01479.jpg",
    "static/clusters/cluster_0/DSC01480.jpg",
    "static/clusters/cluster_0/DSC01481.jpg",
    "static/clusters/cluster_0/DSC01482.jpg",
    "static/clusters/cluster_0/DSC01483.jpg",
    "static/clusters/cluster_0/DSC01484.jpg",
    "static/clusters/cluster_0/DSC01485.jpg",
    "static/clusters/cluster_0/DSC01486.jpg",
    "static/clusters/cluster_0/DSC01487.jpg",
    "static/clusters/cluster_0/DSC01489.jpg",
    "static/clusters/cluster_0/DSC01490.jpg",
    "static/clusters/cluster_0/DSC01491.jpg",
    "static/clusters/cluster_0/DSC01492.jpg",
    "static/clusters/cluster_0/DSC01493.jpg",
    "static/clusters/cluster_0/DSC01494.jpg",
    "static/clusters/cluster_0/DSC01495.jpg",
    "static/clusters/cluster_0/DSC01496.jpg",
    "static/clusters/cluster_0/DSC01497.jpg",
    "static/clusters/cluster_0/DSC01498.jpg",
    "static/clusters/cluster_0/DSC01499.jpg",
    "static/clusters/cluster_0/DSC01500.jpg",
    "static/clusters/cluster_0/DSC01501.jpg",
    "static/clusters/cluster_0/DSC01502.jpg",
    "static/clusters/cluster_0/DSC01503.jpg",
    "static/clusters/cluster_0/DSC01505.jpg",
    "static/clusters/cluster_0/DSC01506.jpg",
    "static/clusters/cluster_0/DSC01507.jpg",
    "static/clusters/cluster_0/DSC01508.jpg",
    "static/clusters/cluster_0/DSC01509.jpg"
  ],
  "cluster_1": [
    "static/clusters/cluster_1/DSC01395.jpg",
    "static/clusters/cluster_1/DSC01414.jpg",
    "static/clusters/cluster_1/DSC01415.jpg",
    "static/clusters/cluster_1/DSC01456.jpg"
  ],
  "cluster_2": [
    "static/clusters/cluster_2/DSC01434.jpg",
    "static/clusters/cluster_2/DSC01436.jpg",
    "static/clusters/cluster_2/DSC01437.jpg",
    "static/clusters/cluster_2/DSC01438.jpg",
    "static/clusters/cluster_2/DSC01439.jpg",
    "static/clusters/cluster_2/DSC01455.jpg",
    "static/clusters/cluster_2/DSC01457.jpg",
    "static/clusters/cluster_2/DSC01458.jpg",
    "static/clusters/cluster_2/DSC01461.jpg"
  ],
  "noise": [
    "static/clusters/noise/DSC01435.jpg",
    "static/clusters/noise/DSC01470.jpg",
    "static/clusters/noise/DSC01488.jpg"
  ],
  "cluster_3": [
    "static/clusters/cluster_3/DSC01440.jpg",
    "static/clusters/cluster_3/DSC01441.jpg",
    "static/clusters/cluster_3/DSC01442.jpg",
    "static/clusters/cluster_3/DSC01443.jpg",
    "static/clusters/cluster_3/DSC01444.jpg",
    "static/clusters/cluster_3/DSC01445.jpg",
    "static/clusters/cluster_3/DSC01446.jpg",
    "static/clusters/cluster_3/DSC01447.jpg",
    "static/clusters/cluster_3/DSC01448.jpg"
  ],
  "cluster_4": [
    "static/clusters/cluster_4/DSC01453.jpg",
    "static/clusters/cluster_4/DSC01454.jpg",
    "static/clusters/cluster_4/DSC01459.jpg",
    "static/clusters/cluster_4/DSC01460.jpg",
    "static/clusters/cluster_4/DSC01462.jpg",
    "static/clusters/cluster_4/DSC01463.jpg",
    "static/clusters/cluster_4/DSC01504.jpg"
  ]
}