{
  "cluster_0": [
    {
      "thumb": "5d73903a40b5d3dbab7f334dc2d160b8.jpg",
      "path": "/Volumes/super_54/google/sean.goggins/Google Photos/Canterbury Reunion, 2022/DSC01356.jpg"
    },
    {
      "thumb": "5266c8d5cbfe49e3262f7f67f2ae3fb7.jpg",
      "path": "/Volumes/super_54/google/sean.goggins/Google Photos/Canterbury Reunion, 2022/DSC01357.jpg"
    },
    {
      "thumb": "6c6012bb6dddef55c63586df0fcb0ecf.jpg",
      "path": "/Volumes/super_54/google/sean.goggins/Google Photos/Canterbury Reunion, 2022/DSC01359.jpg"
    },
    {
      "thumb": "b9e52a31c05131d79e9acbeececa0b16.jpg",
      "path": "/Volumes/super_54/google/sean.goggins/Google Photos/Canterbury Reunion, 2022/DSC01361.jpg"
    },
    {
      "thumb": "f4d7ed93ba96d32d289802d80b8e9025.jpg",
      "path": "/Volumes/super_54/google/sean.goggins/Google Photos/Canterbury Reunion, 2022/DSC01363.jpg"
    },
    {
      "thumb": "0a0780c57c51d272a2b4df905a6bf45c.jpg",
      "path": "/Volumes/super_54/google/sean.goggins/Google Photos/Canterbury Reunion, 2022/DSC01364.jpg"
    },
    {
      "thumb": "e8b5acca5a8aa3cbf99f15c3b5451439.jpg",
      "path": "/Volumes/super_54/google/sean.goggins/Google Photos/Canterbury Reunion, 2022/DSC01365.jpg"
    },
    {
      "thumb": "b183d663c67319c53df9f97c3eecf565.jpg",
      "path": "/Volumes/super_54/google/sean.goggins/Google Photos/Canterbury Reunion, 2022/DSC01405.jpg"
    },
    {
      "thumb": "4d8ee4d646db07664f9c46604ebf5383.jpg",
      "path": "/Volumes/super_54/google/sean.goggins/Google Photos/Canterbury Reunion, 2022/DSC01406.jpg"
    },
    {
      "thumb": "679260322ff2e74e2b2e7981d5d1b101.jpg",
      "path": "/Volumes/super_54/google/sean.goggins/Google Photos/Canterbury Reunion, 2022/DSC01407.jpg"
    },
    {
      "thumb": "2421efa9a6296298ca663a26073ce4ac.jpg",
      "path": "/Volumes/super_54/google/sean.goggins/Google Photos/Canterbury Reunion, 2022/DSC01408.jpg"
    },
    {
      "thumb": "ddd51c92e4fb7804d0aded020f5e9c09.jpg",
      "path": "/Volumes/super_54/google/sean.goggins/Google Photos/Canterbury Reunion, 2022/DSC01409.jpg"
    },
    {
      "thumb": "7ec3c09b8fa6829d24f6dc7311bbe961.jpg",
      "path": "/Volumes/super_54/google/sean.goggins/Google Photos/Canterbury Reunion, 2022/DSC01410.jpg"
    },
    {
      "thumb": "20a5d9302a7e6efcf8f596b2e936a663.jpg",
      "path": "/Volumes/super_54/google/sean.goggins/Google Photos/Canterbury Reunion, 2022/DSC01411.jpg"
    },
    {
      "thumb": "36ca127530c49eedf27895c24d3a0610.jpg",
      "path": "/Volumes/super_54/google/sean.goggins/Google Photos/Canterbury Reunion, 2022/DSC01412.jpg"
    },
    {
      "thumb": "8762fad3a425d41aa961a31703cc9480.jpg",
      "path": "/Volumes/super_54/google/sean.goggins/Google Photos/Canterbury Reunion, 2022/DSC01413.jpg"
    },
    {
      "thumb": "9c363e59fde8d56df8032641b19bd233.jpg",
      "path": "/Volumes/super_54/google/sean.goggins/Google Photos/Canterbury Reunion, 2022/DSC01416.jpg"
    },
    {
      "thumb": "046615b8e8720772da02816cc90268ca.jpg",
      "path": "/Volumes/super_54/google/sean.goggins/Google Photos/Canterbury Reunion, 2022/DSC01417.jpg"
    },
    {
      "thumb": "4126bcdfb4d35175ac308a2b6c10bd77.jpg",
      "path": "/Volumes/super_54/google/sean.goggins/Google Photos/Canterbury Reunion, 2022/DSC01418.jpg"
    },
    {
      "thumb": "2eb185bc7a1324f7ec3d8c6b41740431.jpg",
      "path": "/Volumes/super_54/google/sean.goggins/Google Photos/Canterbury Reunion, 2022/DSC01419.jpg"
    },
    {
      "thumb": "273ffdef39c0f0753b44f7df3be50932.jpg",
      "path": "/Volumes/super_54/google/sean.goggins/Google Photos/Canterbury Reunion, 2022/DSC01420.jpg"
    },
    {
      "thumb": "5460cd9af0924d336f9605038779c81f.jpg",
      "path": "/Volumes/super_54/google/sean.goggins/Google Photos/Canterbury Reunion, 2022/DSC01421.jpg"
    },
    {
      "thumb": "d676af9b2f52020c153346e730672a34.jpg",
      "path": "/Volumes/super_54/google/sean.goggins/Google Photos/Canterbury Reunion, 2022/DSC01422.jpg"
    },
    {
      "thumb": "dea0ed95c8283dbd62970aab76202982.jpg",
      "path": "/Volumes/super_54/google/sean.goggins/Google Photos/Canterbury Reunion, 2022/DSC01423.jpg"
    },
    {
      "thumb": "2bb9f5312979450852c357824e4e917c.jpg",
      "path": "/Volumes/super_54/google/sean.goggins/Google Photos/Canterbury Reunion, 2022/DSC01424.jpg"
    },
    {
      "thumb": "3a62780b2d6aa6109d61576e8ea960c3.jpg",
      "path": "/Volumes/super_54/google/sean.goggins/Google Photos/Canterbury Reunion, 2022/DSC01425.jpg"
    },
    {
      "thumb": "3d3958a804302f52b8f5418180543cc8.jpg",
      "path": "/Volumes/super_54/google/sean.goggins/Google Photos/Canterbury Reunion, 2022/DSC01426.jpg"
    },
    {
      "thumb": "94e8d7f172c7b5814690b9bb720e6981.jpg",
      "path": "/Volumes/super_54/google/sean.goggins/Google Photos/Canterbury Reunion, 2022/DSC01427.jpg"
    },
    {
      "thumb": "fe83067021b50032b9c4e596cec55e58.jpg",
      "path": "/Volumes/super_54/google/sean.goggins/Google Photos/Canterbury Reunion, 2022/DSC01428.jpg"
    },
    {
      "thumb": "7b0f3a8f527a7f47fa42dd2dad0bea6b.jpg",
      "path": "/Volumes/super_54/google/sean.goggins/Google Photos/Canterbury Reunion, 2022/DSC01429.jpg"
    },
    {
      "thumb": "77757417d1ed4c1edc8cd2708903d3db.jpg",
      "path": "/Volumes/super_54/google/sean.goggins/Google Photos/Canterbury Reunion, 2022/DSC01430.jpg"
    },
    {
      "thumb": "bdf2899248616510f81395fa0ca85595.jpg",
      "path": "/Volumes/super_54/google/sean.goggins/Google Photos/Canterbury Reunion, 2022/DSC01431.jpg"
    },
    {
      "thumb": "aa562efad32493d40d878240a233d58d.jpg",
      "path": "/Volumes/super_54/google/sean.goggins/Google Photos/Canterbury Reunion, 2022/DSC01432.jpg"
    },
    {
      "thumb": "93f86efd97ed96125e03d742778f8066.jpg",
      "path": "/Volumes/super_54/google/sean.goggins/Google Photos/Canterbury Reunion, 2022/DSC01433.jpg"
    },
    {
      "thumb": "8f2481b486898c184f85c52c52267572.jpg",
      "path": "/Volumes/super_54/google/sean.goggins/Google Photos/Canterbury Reunion, 2022/DSC01449.jpg"
    },
    {
      "thumb": "7104184144e42592ff4fda7efff9e265.jpg",
      "path": "/Volumes/super_54/google/sean.goggins/Google Photos/Canterbury Reunion, 2022/DSC01450.jpg"
    },
    {
      "thumb": "09f9d5a36938aa82b1d01283ed81b301.jpg",
      "path": "/Volumes/super_54/google/sean.goggins/Google Photos/Canterbury Reunion, 2022/DSC01451.jpg"
    },
    {
      "thumb": "a3b6c5fefe41e574bbb7b4b2e864aaa7.jpg",
      "path": "/Volumes/super_54/google/sean.goggins/Google Photos/Canterbury Reunion, 2022/DSC01452.jpg"
    },
    {
      "thumb": "51d7ae1f5e52d1d12dfcd3d5573b0875.jpg",
      "path": "/Volumes/super_54/google/sean.goggins/Google Photos/Canterbury Reunion, 2022/DSC01464.jpg"
    },
    {
      "thumb": "275c54c0100561a822819acbee9b985b.jpg",
      "path": "/Volumes/super_54/google/sean.goggins/Google Photos/Canterbury Reunion, 2022/DSC01465.jpg"
    },
    {
      "thumb": "4eeddb03eb58a3df5ba650113436ba7a.jpg",
      "path": "/Volumes/super_54/google/sean.goggins/Google Photos/Canterbury Reunion, 2022/DSC01466.jpg"
    },
    {
      "thumb": "7bfb7af368467dc4450b37e2e16e6c06.jpg",
      "path": "/Volumes/super_54/google/sean.goggins/Google Photos/Canterbury Reunion, 2022/DSC01467.jpg"
    },
    {
      "thumb": "29813283670e7df7d29c4ac3a9d125f9.jpg",
      "path": "/Volumes/super_54/google/sean.goggins/Google Photos/Canterbury Reunion, 2022/DSC01468.jpg"
    },
    {
      "thumb": "25adea240d570669fbe8db967a8c780d.jpg",
      "path": "/Volumes/super_54/google/sean.goggins/Google Photos/Canterbury Reunion, 2022/DSC01469.jpg"
    },
    {
      "thumb": "135c6419d2d6acf00d9728fb235c61f7.jpg",
      "path": "/Volumes/super_54/google/sean.goggins/Google Photos/Canterbury Reunion, 2022/DSC01472.jpg"
    },
    {
      "thumb": "e4f084bb611b65d59ea25fada8685795.jpg",
      "path": "/Volumes/super_54/google/sean.goggins/Google Photos/Canterbury Reunion, 2022/DSC01473.jpg"
    },
    {
      "thumb": "f4ec124d2248f117648b851fcea88b8a.jpg",
      "path": "/Volumes/super_54/google/sean.goggins/Google Photos/Canterbury Reunion, 2022/DSC01474.jpg"
    },
    {
      "thumb": "21370747c772e6be5fc01c8384dc6386.jpg",
      "path": "/Volumes/super_54/google/sean.goggins/Google Photos/Canterbury Reunion, 2022/DSC01475.jpg"
    },
    {
      "thumb": "266f678f782a965cb8381685e4ab7965.jpg",
      "path": "/Volumes/super_54/google/sean.goggins/Google Photos/Canterbury Reunion, 2022/DSC01476.jpg"
    },
    {
      "thumb": "4dffb10dd1d43e8e64318d268daa334e.jpg",
      "path": "/Volumes/super_54/google/sean.goggins/Google Photos/Canterbury Reunion, 2022/DSC01477.jpg"
    },
    {
      "thumb": "4c17cc8172b9e1f3387503796653c22a.jpg",
      "path": "/Volumes/super_54/google/sean.goggins/Google Photos/Canterbury Reunion, 2022/DSC01478.jpg"
    },
    {
      "thumb": "6ef85a899f780328a015493e1c87f3e1.jpg",
      "path": "/Volumes/super_54/google/sean.goggins/Google Photos/Canterbury Reunion, 2022/DSC01479.jpg"
    },
    {
      "thumb": "83e5436924633d69a5a1f55526d3295f.jpg",
      "path": "/Volumes/super_54/google/sean.goggins/Google Photos/Canterbury Reunion, 2022/DSC01480.jpg"
    },
    {
      "thumb": "a3d45aeb1b322d6fb40efe51b9771c8e.jpg",
      "path": "/Volumes/super_54/google/sean.goggins/Google Photos/Canterbury Reunion, 2022/DSC01481.jpg"
    },
    {
      "thumb": "e44ee3e7bc50d3c610274cb9b7bb8e86.jpg",
      "path": "/Volumes/super_54/google/sean.goggins/Google Photos/Canterbury Reunion, 2022/DSC01482.jpg"
    },
    {
      "thumb": "fd0923fdbd0a821ba69188f1f7a67f2a.jpg",
      "path": "/Volumes/super_54/google/sean.goggins/Google Photos/Canterbury Reunion, 2022/DSC01483.jpg"
    },
    {
      "thumb": "204067783a15b7b1675f44c431e85206.jpg",
      "path": "/Volumes/super_54/google/sean.goggins/Google Photos/Canterbury Reunion, 2022/DSC01484.jpg"
    },
    {
      "thumb": "334136461c8c8c269aafd8b22c0500d6.jpg",
      "path": "/Volumes/super_54/google/sean.goggins/Google Photos/Canterbury Reunion, 2022/DSC01485.jpg"
    },
    {
      "thumb": "a516825633557dd1abd95e594f6d3100.jpg",
      "path": "/Volumes/super_54/google/sean.goggins/Google Photos/Canterbury Reunion, 2022/DSC01486.jpg"
    },
    {
      "thumb": "aa74fc24c510ba37853f7e2537b0fa40.jpg",
      "path": "/Volumes/super_54/google/sean.goggins/Google Photos/Canterbury Reunion, 2022/DSC01487.jpg"
    },
    {
      "thumb": "10d677c19e88aca942a8e6bc7f5eff47.jpg",
      "path": "/Volumes/super_54/google/sean.goggins/Google Photos/Canterbury Reunion, 2022/DSC01489.jpg"
    },
    {
      "thumb": "da2be733aa0fdb443728503d16d71fc3.jpg",
      "path": "/Volumes/super_54/google/sean.goggins/Google Photos/Canterbury Reunion, 2022/DSC01490.jpg"
    },
    {
      "thumb": "8c65005b527c55c07b2385df7ff0be21.jpg",
      "path": "/Volumes/super_54/google/sean.goggins/Google Photos/Canterbury Reunion, 2022/DSC01491.jpg"
    },
    {
      "thumb": "f4151f16bbdc9b793ea1af407be0a17b.jpg",
      "path": "/Volumes/super_54/google/sean.goggins/Google Photos/Canterbury Reunion, 2022/DSC01492.jpg"
    },
    {
      "thumb": "eec8915156e8d99fae0bc91609f61199.jpg",
      "path": "/Volumes/super_54/google/sean.goggins/Google Photos/Canterbury Reunion, 2022/DSC01493.jpg"
    },
    {
      "thumb": "b44df6c3b81e8253255373c3f932980c.jpg",
      "path": "/Volumes/super_54/google/sean.goggins/Google Photos/Canterbury Reunion, 2022/DSC01494.jpg"
    },
    {
      "thumb": "a05b8c9cfd6fe8d8e02bea549ff80d60.jpg",
      "path": "/Volumes/super_54/google/sean.goggins/Google Photos/Canterbury Reunion, 2022/DSC01495.jpg"
    },
    {
      "thumb": "f96b2076e6a3a6a513a1862982ed6ef2.jpg",
      "path": "/Volumes/super_54/google/sean.goggins/Google Photos/Canterbury Reunion, 2022/DSC01496.jpg"
    },
    {
      "thumb": "cc62ba85ad87628ef821a811e4a03e66.jpg",
      "path": "/Volumes/super_54/google/sean.goggins/Google Photos/Canterbury Reunion, 2022/DSC01497.jpg"
    },
    {
      "thumb": "70fc960a5433d11eef1f36852e1c2493.jpg",
      "path": "/Volumes/super_54/google/sean.goggins/Google Photos/Canterbury Reunion, 2022/DSC01498.jpg"
    },
    {
      "thumb": "bc6b5e75b45e10367bcaeaca7d0375e5.jpg",
      "path": "/Volumes/super_54/google/sean.goggins/Google Photos/Canterbury Reunion, 2022/DSC01499.jpg"
    },
    {
      "thumb": "3091217f3dd709f9116167230f610791.jpg",
      "path": "/Volumes/super_54/google/sean.goggins/Google Photos/Canterbury Reunion, 2022/DSC01500.jpg"
    },
    {
      "thumb": "fc196fd2b145aa9154e2ba4f248cb8a8.jpg",
      "path": "/Volumes/super_54/google/sean.goggins/Google Photos/Canterbury Reunion, 2022/DSC01501.jpg"
    },
    {
      "thumb": "66a1592ecfa5aa28b23b5f327f418619.jpg",
      "path": "/Volumes/super_54/google/sean.goggins/Google Photos/Canterbury Reunion, 2022/DSC01502.jpg"
    },
    {
      "thumb": "cf67fcd259f67d7b033788147749150e.jpg",
      "path": "/Volumes/super_54/google/sean.goggins/Google Photos/Canterbury Reunion, 2022/DSC01503.jpg"
    },
    {
      "thumb": "a54cc4b5dc3e6466e6b48ed4cf20bcc3.jpg",
      "path": "/Volumes/super_54/google/sean.goggins/Google Photos/Canterbury Reunion, 2022/DSC01505.jpg"
    },
    {
      "thumb": "2e638daf17c85bea35227b408940d60e.jpg",
      "path": "/Volumes/super_54/google/sean.goggins/Google Photos/Canterbury Reunion, 2022/DSC01506.jpg"
    },
    {
      "thumb": "9a3a7f86857082e2718eb5edec9ab8cf.jpg",
      "path": "/Volumes/super_54/google/sean.goggins/Google Photos/Canterbury Reunion, 2022/DSC01507.jpg"
    },
    {
      "thumb": "c7e78535b154dbfad9b48d645430237f.jpg",
      "path": "/Volumes/super_54/google/sean.goggins/Google Photos/Canterbury Reunion, 2022/DSC01508.jpg"
    },
    {
      "thumb": "6ab88c78b6a51eb86878188ba20fbee4.jpg",
      "path": "/Volumes/super_54/google/sean.goggins/Google Photos/Canterbury Reunion, 2022/DSC01509.jpg"
    }
  ],
  "cluster_1": [
    {
      "thumb": "8927f6793015bd0f55d5a6b930fd4cf8.jpg",
      "path": "/Volumes/super_54/google/sean.goggins/Google Photos/Canterbury Reunion, 2022/DSC01395.jpg"
    },
    {
      "thumb": "c30f1603d6c36a99e25b9dc4ec115b27.jpg",
      "path": "/Volumes/super_54/google/sean.goggins/Google Photos/Canterbury Reunion, 2022/DSC01414.jpg"
    },
    {
      "thumb": "a516940bdc7932eeae17f3ed1e5e6282.jpg",
      "path": "/Volumes/super_54/google/sean.goggins/Google Photos/Canterbury Reunion, 2022/DSC01415.jpg"
    },
    {
      "thumb": "21326c76ff9fc297346bcd1951e0c8f8.jpg",
      "path": "/Volumes/super_54/google/sean.goggins/Google Photos/Canterbury Reunion, 2022/DSC01456.jpg"
    }
  ],
  "cluster_2": [
    {
      "thumb": "c9a82ad6872a1409dd59e7e5d91f102f.jpg",
      "path": "/Volumes/super_54/google/sean.goggins/Google Photos/Canterbury Reunion, 2022/DSC01434.jpg"
    },
    {
      "thumb": "f967bafbbd6038154a4964cea29e474d.jpg",
      "path": "/Volumes/super_54/google/sean.goggins/Google Photos/Canterbury Reunion, 2022/DSC01436.jpg"
    },
    {
      "thumb": "15828be87113e4180b0da18752405446.jpg",
      "path": "/Volumes/super_54/google/sean.goggins/Google Photos/Canterbury Reunion, 2022/DSC01437.jpg"
    },
    {
      "thumb": "71cf0e08e99b1af50bd8134bc955fa01.jpg",
      "path": "/Volumes/super_54/google/sean.goggins/Google Photos/Canterbury Reunion, 2022/DSC01438.jpg"
    },
    {
      "thumb": "6fc8c9cf47dae7fda47ca207ecd22815.jpg",
      "path": "/Volumes/super_54/google/sean.goggins/Google Photos/Canterbury Reunion, 2022/DSC01439.jpg"
    },
    {
      "thumb": "79e53f88cfa5df770063874d812a234b.jpg",
      "path": "/Volumes/super_54/google/sean.goggins/Google Photos/Canterbury Reunion, 2022/DSC01455.jpg"
    },
    {
      "thumb": "e88bb89aceecb8d2cf5fa919606ccddd.jpg",
      "path": "/Volumes/super_54/google/sean.goggins/Google Photos/Canterbury Reunion, 2022/DSC01457.jpg"
    },
    {
      "thumb": "ca06c59f424d2340bc0f2c56bf7257d9.jpg",
      "path": "/Volumes/super_54/google/sean.goggins/Google Photos/Canterbury Reunion, 2022/DSC01458.jpg"
    },
    {
      "thumb": "233dbb79bb7c4804f8ce2711e9fa3dee.jpg",
      "path": "/Volumes/super_54/google/sean.goggins/Google Photos/Canterbury Reunion, 2022/DSC01461.jpg"
    }
  ],
  "noise": [
    {
      "thumb": "c765e562f4aa711f061350c98894a274.jpg",
      "path": "/Volumes/super_54/google/sean.goggins/Google Photos/Canterbury Reunion, 2022/DSC01435.jpg"
    },
    {
      "thumb": "1c8fefdddb29a1c7525e9382c924b286.jpg",
      "path": "/Volumes/super_54/google/sean.goggins/Google Photos/Canterbury Reunion, 2022/DSC01470.jpg"
    },
    {
      "thumb": "238d07c3cc788b9c722b596867f9ba04.jpg",
      "path": "/Volumes/super_54/google/sean.goggins/Google Photos/Canterbury Reunion, 2022/DSC01488.jpg"
    }
  ],
  "cluster_3": [
    {
      "thumb": "09631a94ded531a3b7a2a1d49019e56d.jpg",
      "path": "/Volumes/super_54/google/sean.goggins/Google Photos/Canterbury Reunion, 2022/DSC01440.jpg"
    },
    {
      "thumb": "7db1f3ba968b2a25290fb67be5a06fb0.jpg",
      "path": "/Volumes/super_54/google/sean.goggins/Google Photos/Canterbury Reunion, 2022/DSC01441.jpg"
    },
    {
      "thumb": "74eeaf90cb48eb27f1e6d035febce862.jpg",
      "path": "/Volumes/super_54/google/sean.goggins/Google Photos/Canterbury Reunion, 2022/DSC01442.jpg"
    },
    {
      "thumb": "f7b6435f9a0f78e15bd7e003596e409d.jpg",
      "path": "/Volumes/super_54/google/sean.goggins/Google Photos/Canterbury Reunion, 2022/DSC01443.jpg"
    },
    {
      "thumb": "4db9b772ef389cc5e89585f0c729e7a1.jpg",
      "path": "/Volumes/super_54/google/sean.goggins/Google Photos/Canterbury Reunion, 2022/DSC01444.jpg"
    },
    {
      "thumb": "bf41ecc37f4b594bb3f77af0c94d440d.jpg",
      "path": "/Volumes/super_54/google/sean.goggins/Google Photos/Canterbury Reunion, 2022/DSC01445.jpg"
    },
    {
      "thumb": "d204427e8c15c87f06e9f7ade73ad0b6.jpg",
      "path": "/Volumes/super_54/google/sean.goggins/Google Photos/Canterbury Reunion, 2022/DSC01446.jpg"
    },
    {
      "thumb": "f702217b30a09261fb2bdee1a1ae42af.jpg",
      "path": "/Volumes/super_54/google/sean.goggins/Google Photos/Canterbury Reunion, 2022/DSC01447.jpg"
    },
    {
      "thumb": "e74d48d67d149f436cdf1ec3ea1abd94.jpg",
      "path": "/Volumes/super_54/google/sean.goggins/Google Photos/Canterbury Reunion, 2022/DSC01448.jpg"
    }
  ],
  "cluster_4": [
    {
      "thumb": "da6c67631981b43d66aaad474701f48d.jpg",
      "path": "/Volumes/super_54/google/sean.goggins/Google Photos/Canterbury Reunion, 2022/DSC01453.jpg"
    },
    {
      "thumb": "f4dd221208ece33affa732c43c9773e1.jpg",
      "path": "/Volumes/super_54/google/sean.goggins/Google Photos/Canterbury Reunion, 2022/DSC01454.jpg"
    },
    {
      "thumb": "5f4b8513d4b7e41db8998bc336540432.jpg",
      "path": "/Volumes/super_54/google/sean.goggins/Google Photos/Canterbury Reunion, 2022/DSC01459.jpg"
    },
    {
      "thumb": "13ce023b35021683661910d147f74b39.jpg",
      "path": "/Volumes/super_54/google/sean.goggins/Google Photos/Canterbury Reunion, 2022/DSC01460.jpg"
    },
    {
      "thumb": "a403f6406b254ca18088ae666c15bb4c.jpg",
      "path": "/Volumes/super_54/google/sean.goggins/Google Photos/Canterbury Reunion, 2022/DSC01462.jpg"
    },
    {
      "thumb": "bad6ed174147e7f076258b2f903c89dd.jpg",
      "path": "/Volumes/super_54/google/sean.goggins/Google Photos/Canterbury Reunion, 2022/DSC01463.jpg"
    },
    {
      "thumb": "e6eaf2938d196e6658c90252c2222fa3.jpg",
      "path": "/Volumes/super_54/google/sean.goggins/Google Photos/Canterbury Reunion, 2022/DSC01504.jpg"
    }
  ]
}